Date,Open,High,Low,Close,Market Cap,Total Volume
2024-08-19 05:30:00,2614.6012806263716,2614.6012806263716,2614.6012806263716,2614.6012806263716,314682052511.7037,8617702421.12827
2024-08-20 05:30:00,2640.5904207330605,2640.5904207330605,2640.5904207330605,2640.5904207330605,317616756579.9527,11730843561.162947
2024-08-21 05:30:00,2575.643435503567,2575.643435503567,2575.643435503567,2575.643435503567,309867213669.31934,12823659998.035198
2024-08-22 05:30:00,2630.2988017642488,2630.2988017642488,2630.2988017642488,2630.2988017642488,316360729845.1586,11246256658.90509
2024-08-23 05:30:00,2623.289171364539,2623.289171364539,2623.289171364539,2623.289171364539,315630604929.4857,10277172867.663338
2024-08-24 05:30:00,2763.2554073640704,2763.2554073640704,2763.2554073640704,2763.2554073640704,332181161792.2442,17876365362.452858
2024-08-25 05:30:00,2767.840733546234,2767.840733546234,2767.840733546234,2767.840733546234,332950073030.8183,11990449014.147696
2024-08-26 05:30:00,2745.164671605207,2745.164671605207,2745.164671605207,2745.164671605207,330332547375.3104,8312216650.941433
2024-08-27 05:30:00,2683.0801154902983,2683.0801154902983,2683.0801154902983,2683.0801154902983,322816645099.5817,11486270160.014797
2024-08-28 05:30:00,2457.2773517547434,2457.2773517547434,2457.2773517547434,2457.2773517547434,295636169778.93835,17505948780.2572
2024-08-29 05:30:00,2527.0269814017706,2527.0269814017706,2527.0269814017706,2527.0269814017706,303958449107.31573,21234602056.030586
2024-08-30 05:30:00,2526.7383553003406,2526.7383553003406,2526.7383553003406,2526.7383553003406,304106394048.1237,13272715023.256615
2024-08-31 05:30:00,2527.690204915795,2527.690204915795,2527.690204915795,2527.690204915795,304009556580.61725,15607580785.925383
2024-09-01 05:30:00,2513.3643501004462,2513.3643501004462,2513.3643501004462,2513.3643501004462,302383496015.1365,6105765553.728281
2024-09-02 05:30:00,2430.0202661439344,2430.0202661439344,2430.0202661439344,2430.0202661439344,292436067877.0585,11229587557.968822
2024-09-03 05:30:00,2534.9048168403706,2534.9048168403706,2534.9048168403706,2534.9048168403706,304838837601.64795,12130504179.053215
2024-09-04 05:30:00,2437.1471557556497,2437.1471557556497,2437.1471557556497,2437.1471557556497,293818299349.5953,9565142020.243557
2024-09-05 05:30:00,2448.30785784089,2448.30785784089,2448.30785784089,2448.30785784089,294329412026.3932,16639700582.521397
2024-09-06 05:30:00,2367.7700509506026,2367.7700509506026,2367.7700509506026,2367.7700509506026,284989115168.67084,11060190870.627691
2024-09-07 05:30:00,2223.780428382685,2223.780428382685,2223.780428382685,2223.780428382685,267574522057.00296,26087934661.284035
2024-09-08 05:30:00,2272.6972849951912,2272.6972849951912,2272.6972849951912,2272.6972849951912,273350308345.93225,10405191111.340616
2024-09-09 05:30:00,2296.4029520764498,2296.4029520764498,2296.4029520764498,2296.4029520764498,276344419515.7602,9844980386.825493
2024-09-10 05:30:00,2359.565766831627,2359.565766831627,2359.565766831627,2359.565766831627,284026097136.9972,15874675673.552357
2024-09-11 05:30:00,2389.4740111256497,2389.4740111256497,2389.4740111256497,2389.4740111256497,287422889605.8082,12508388687.122387
2024-09-12 05:30:00,2342.9639236941434,2342.9639236941434,2342.9639236941434,2342.9639236941434,282041230807.9828,14692963988.99108
2024-09-13 05:30:00,2362.300238174588,2362.300238174588,2362.300238174588,2362.300238174588,284255194234.77527,11610780893.077023
2024-09-14 05:30:00,2445.08621032297,2445.08621032297,2445.08621032297,2445.08621032297,294131761890.3451,13122792869.978857
2024-09-15 05:30:00,2418.0828083179904,2418.0828083179904,2418.0828083179904,2418.0828083179904,290912717943.81995,7248493705.268602
2024-09-16 05:30:00,2322.6433317480564,2322.6433317480564,2322.6433317480564,2322.6433317480564,279257769574.61383,9361948332.945747
2024-09-17 05:30:00,2295.1348386540835,2295.1348386540835,2295.1348386540835,2295.1348386540835,276339513490.21936,16629103878.54157
2024-09-18 05:30:00,2341.0924132597524,2341.0924132597524,2341.0924132597524,2341.0924132597524,281704536557.3961,14449511265.93516
2024-09-19 05:30:00,2361.960992100706,2361.960992100706,2361.960992100706,2361.960992100706,283874122378.3681,17524561761.811428
2024-09-20 05:30:00,2465.2347833172967,2465.2347833172967,2465.2347833172967,2465.2347833172967,296680606397.51587,17820089225.37694
2024-09-21 05:30:00,2557.6218555442515,2557.6218555442515,2557.6218555442515,2557.6218555442515,307586864690.1545,18498405459.395584
2024-09-22 05:30:00,2614.599604753501,2614.599604753501,2614.599604753501,2614.599604753501,315153052833.9301,9276102854.536339
2024-09-23 05:30:00,2582.847683741262,2582.847683741262,2582.847683741262,2582.847683741262,310840922229.8413,12759588941.97967
2024-09-24 05:30:00,2647.9931622033255,2647.9931622033255,2647.9931622033255,2647.9931622033255,318666137823.1156,19740370943.835594
2024-09-25 05:30:00,2653.844345308008,2653.844345308008,2653.844345308008,2653.844345308008,319524635350.52515,16584773336.25631
2024-09-26 05:30:00,2578.566359563475,2578.566359563475,2578.566359563475,2578.566359563475,309875035203.6359,14003678832.756735
2024-09-27 05:30:00,2630.94983700893,2630.94983700893,2630.94983700893,2630.94983700893,316828988137.27673,16686162392.966532
2024-09-28 05:30:00,2698.1928212346033,2698.1928212346033,2698.1928212346033,2698.1928212346033,324681649929.6723,16468123574.12263
2024-09-29 05:30:00,2680.218702062471,2680.218702062471,2680.218702062471,2680.218702062471,322761939149.4107,9607072594.439383
2024-09-30 05:30:00,2659.611211611689,2659.611211611689,2659.611211611689,2659.611211611689,320146112155.9396,9570811494.068226
2024-10-01 05:30:00,2597.3411516834435,2597.3411516834435,2597.3411516834435,2597.3411516834435,312577514239.3695,17539259209.42195
2024-10-02 05:30:00,2451.631522589772,2451.631522589772,2451.631522589772,2451.631522589772,295243912099.71765,26538568534.282005
2024-10-03 05:30:00,2365.231040243019,2365.231040243019,2365.231040243019,2365.231040243019,284621591999.18945,20613586399.40693
2024-10-04 05:30:00,2348.0048369247393,2348.0048369247393,2348.0048369247393,2348.0048369247393,282601960212.3656,18771995105.191242
2024-10-05 05:30:00,2416.9184055552637,2416.9184055552637,2416.9184055552637,2416.9184055552637,290928251441.44226,15230883994.399237
2024-10-06 05:30:00,2415.4038137445546,2415.4038137445546,2415.4038137445546,2415.4038137445546,290706276902.6144,7362867897.959902
2024-10-07 05:30:00,2438.030912544012,2438.030912544012,2438.030912544012,2438.030912544012,293516242471.9333,7641011283.520121
2024-10-08 05:30:00,2422.7506412955013,2422.7506412955013,2422.7506412955013,2422.7506412955013,291612805733.03143,16943828822.371426
2024-10-09 05:30:00,2441.4651696200294,2441.4651696200294,2441.4651696200294,2441.4651696200294,294190554781.40424,13601054198.545612
2024-10-10 05:30:00,2367.615096789395,2367.615096789395,2367.615096789395,2367.615096789395,285084590935.4484,14384326799.317202
2024-10-11 05:30:00,2381.7817088014776,2381.7817088014776,2381.7817088014776,2381.7817088014776,286552629874.8065,14686776834.298496
2024-10-12 05:30:00,2435.7137843692162,2435.7137843692162,2435.7137843692162,2435.7137843692162,293162664953.97815,13097241431.234644
2024-10-13 05:30:00,2477.6130275578225,2477.6130275578225,2477.6130275578225,2477.6130275578225,298282533565.2097,8538997411.470292
2024-10-14 05:30:00,2466.8607267086663,2466.8607267086663,2466.8607267086663,2466.8607267086663,296977636559.92773,7516544091.44527
2024-10-15 05:30:00,2628.504376157751,2628.504376157751,2628.504376157751,2628.504376157751,316451494816.54065,21502937840.286705
2024-10-16 05:30:00,2602.0760435960988,2602.0760435960988,2602.0760435960988,2602.0760435960988,313216116600.22363,21986428173.14599
2024-10-17 05:30:00,2611.700159182395,2611.700159182395,2611.700159182395,2611.700159182395,314435102932.4304,16135687550.25065
2024-10-18 05:30:00,2603.1202923346113,2603.1202923346113,2603.1202923346113,2603.1202923346113,313194633306.5954,14330391810.475258
2024-10-19 05:30:00,2643.156520987104,2643.156520987104,2643.156520987104,2643.156520987104,318245706033.605,16301885114.203026
2024-10-20 05:30:00,2649.979289580214,2649.979289580214,2649.979289580214,2649.979289580214,318975355966.1185,7337169826.464913
2024-10-21 05:30:00,2742.9591411600395,2742.9591411600395,2742.9591411600395,2742.9591411600395,330127637903.2564,12697856633.571321
2024-10-22 05:30:00,2665.731938974013,2665.731938974013,2665.731938974013,2665.731938974013,320871813296.62164,17340865615.868176
2024-10-23 05:30:00,2619.5653130506435,2619.5653130506435,2619.5653130506435,2619.5653130506435,315286963217.6233,15418370745.51069
2024-10-24 05:30:00,2524.1038563091197,2524.1038563091197,2524.1038563091197,2524.1038563091197,303758669310.65466,19004341635.326817
2024-10-25 05:30:00,2536.234041319884,2536.234041319884,2536.234041319884,2536.234041319884,305016120148.3843,16708110976.636312
2024-10-26 05:30:00,2422.09328922875,2422.09328922875,2422.09328922875,2422.09328922875,290598017399.4684,23734197478.807434
2024-10-27 05:30:00,2479.3736032443317,2479.3736032443317,2479.3736032443317,2479.3736032443317,298518432454.89374,13434262241.34632
2024-10-28 05:30:00,2505.502947138879,2505.502947138879,2505.502947138879,2505.502947138879,301656245036.7335,8656317174.654642
2024-10-29 05:30:00,2564.8138556782997,2564.8138556782997,2564.8138556782997,2564.8138556782997,308760527470.31,19560694034.693996
2024-10-30 05:30:00,2638.637351278122,2638.637351278122,2638.637351278122,2638.637351278122,317633905084.8851,22541317733.245987
2024-10-31 05:30:00,2657.6141818494384,2657.6141818494384,2657.6141818494384,2657.6141818494384,320125387602.99,22790792400.863556
2024-11-01 05:30:00,2514.750787241073,2514.750787241073,2514.750787241073,2514.750787241073,302903644448.69275,20097565241.562813
2024-11-02 05:30:00,2513.8372870612066,2513.8372870612066,2513.8372870612066,2513.8372870612066,302633410028.4328,20396109310.40712
2024-11-03 05:30:00,2491.352150058657,2491.352150058657,2491.352150058657,2491.352150058657,299972542553.578,8253307127.229915
2024-11-04 05:30:00,2456.979687344711,2456.979687344711,2456.979687344711,2456.979687344711,296080479788.81036,14546539750.496363
2024-11-05 05:30:00,2395.9472139132804,2395.9472139132804,2395.9472139132804,2395.9472139132804,288417039274.4664,17316680977.698635
2024-11-06 05:30:00,2422.368479855642,2422.368479855642,2422.368479855642,2422.368479855642,291680535424.015,18024855703.904736
2024-11-07 05:30:00,2720.6217450068793,2720.6217450068793,2720.6217450068793,2720.6217450068793,327447580506.6538,42388106411.06861
2024-11-08 05:30:00,2894.9718733838376,2894.9718733838376,2894.9718733838376,2894.9718733838376,348640981227.00085,36844374455.9351
2024-11-09 05:30:00,2960.9593369382137,2960.9593369382137,2960.9593369382137,2960.9593369382137,356482981903.24994,33688997426.40259
2024-11-10 05:30:00,3130.035524073996,3130.035524073996,3130.035524073996,3130.035524073996,376942816358.42664,30583711140.36284
2024-11-11 05:30:00,3191.9044555518153,3191.9044555518153,3191.9044555518153,3191.9044555518153,384143201744.36383,47726595161.32535
2024-11-12 05:30:00,3372.7914863430115,3372.7914863430115,3372.7914863430115,3372.7914863430115,407462829811.2162,62390436438.24982
2024-11-13 05:30:00,3260.934386131155,3260.934386131155,3260.934386131155,3260.934386131155,392233485413.7434,60074013245.45247
2024-11-14 05:30:00,3191.8991843987947,3191.8991843987947,3191.8991843987947,3191.8991843987947,384320615296.6757,65592582441.25777
2024-11-15 05:30:00,3059.812296932496,3059.812296932496,3059.812296932496,3059.812296932496,367484509623.6447,37531565153.535194
2024-11-16 05:30:00,3093.913043390382,3093.913043390382,3093.913043390382,3093.913043390382,372487751993.49884,33076552515.401417
2024-11-17 05:30:00,3133.8802234191417,3133.8802234191417,3133.8802234191417,3133.8802234191417,376904025324.19116,26503107468.25979
2024-11-18 05:30:00,3075.534532601624,3075.534532601624,3075.534532601624,3075.534532601624,370225690651.5099,28547657381.28478
2024-11-19 05:30:00,3209.4239073326826,3209.4239073326826,3209.4239073326826,3209.4239073326826,386129534586.85486,35364731417.99857
2024-11-20 05:30:00,3112.9098010150224,3112.9098010150224,3112.9098010150224,3112.9098010150224,374925759373.2606,29767245881.040333
2024-11-21 05:30:00,3075.193856649331,3075.193856649331,3075.193856649331,3075.193856649331,370266265216.9245,29508936260.346874
2024-11-22 05:30:00,3365.9369715466096,3365.9369715466096,3365.9369715466096,3365.9369715466096,405284044226.11957,55714132904.97961
2024-11-23 05:30:00,3327.7571951719624,3327.7571951719624,3327.7571951719624,3327.7571951719624,400787854559.3274,36536922518.79305
2024-11-24 05:30:00,3394.036961782547,3394.036961782547,3394.036961782547,3394.036961782547,408448492183.1955,42885423857.47691
2024-11-25 05:30:00,3368.7027619429946,3368.7027619429946,3368.7027619429946,3368.7027619429946,405718851021.4928,30123422893.99126
2024-11-26 05:30:00,3417.291223691937,3417.291223691937,3417.291223691937,3417.291223691937,411314588853.17755,53625394443.87371
2024-11-27 05:30:00,3325.636532587645,3325.636532587645,3325.636532587645,3325.636532587645,400706261382.18384,41896722105.13149
2024-11-28 05:30:00,3666.1884904377557,3666.1884904377557,3666.1884904377557,3666.1884904377557,441632729137.7082,48465294233.32744
2024-11-29 05:30:00,3579.2407862474997,3579.2407862474997,3579.2407862474997,3579.2407862474997,431207272220.64014,33082767875.13153
2024-11-30 05:30:00,3598.1933212253616,3598.1933212253616,3598.1933212253616,3598.1933212253616,433361301691.3607,28800628431.21762
2024-12-01 05:30:00,3709.9094391073327,3709.9094391073327,3709.9094391073327,3709.9094391073327,446851521665.9131,31961998508.230377
2024-12-02 05:30:00,3708.8072387383017,3708.8072387383017,3708.8072387383017,3708.8072387383017,446664514864.58777,29705280034.459038
2024-12-03 05:30:00,3643.855375704235,3643.855375704235,3643.855375704235,3643.855375704235,438825980701.30023,49031522663.40944
2024-12-04 05:30:00,3625.7104579497204,3625.7104579497204,3625.7104579497204,3625.7104579497204,436691206026.36835,39557549415.34987
2024-12-05 05:30:00,3839.443460715871,3839.443460715871,3839.443460715871,3839.443460715871,462490222624.56714,59744855714.19937
2024-12-06 05:30:00,3796.8688671601276,3796.8688671601276,3796.8688671601276,3796.8688671601276,457067221118.4413,64995601294.502495
2024-12-07 05:30:00,4013.726145388712,4013.726145388712,4013.726145388712,4013.726145388712,483422504163.839,55954471926.67034
2024-12-08 05:30:00,4000.992076502189,4000.992076502189,4000.992076502189,4000.992076502189,481889176555.6843,21959792763.543846
2024-12-09 05:30:00,4015.7820212328807,4015.7820212328807,4015.7820212328807,4015.7820212328807,483642898147.5037,20728146237.12733
2024-12-10 05:30:00,3713.3138979971745,3713.3138979971745,3713.3138979971745,3713.3138979971745,446571271919.9886,59141397866.09827
2024-12-11 05:30:00,3626.5886417774996,3626.5886417774996,3626.5886417774996,3626.5886417774996,436749626813.98615,63643513993.15369
2024-12-12 05:30:00,3828.1075883404096,3828.1075883404096,3828.1075883404096,3828.1075883404096,461075934206.2153,38471623681.40909
2024-12-13 05:30:00,3878.850012073054,3878.850012073054,3878.850012073054,3878.850012073054,466883095805.38696,47474608675.336655
2024-12-14 05:30:00,3907.4296595053356,3907.4296595053356,3907.4296595053356,3907.4296595053356,470469907671.53613,36218321642.49857
2024-12-15 05:30:00,3866.9958020348054,3866.9958020348054,3866.9958020348054,3866.9958020348054,465713274663.6432,28647722345.409325
2024-12-16 05:30:00,3961.3154661802305,3961.3154661802305,3961.3154661802305,3961.3154661802305,477323245356.1555,24816850994.80954
2024-12-17 05:30:00,3992.857195846062,3992.857195846062,3992.857195846062,3992.857195846062,480940541314.61334,50679799770.94302
2024-12-18 05:30:00,3879.4062240100893,3879.4062240100893,3879.4062240100893,3879.4062240100893,467508439297.98755,32823036037.584606
2024-12-19 05:30:00,3628.2624780444953,3628.2624780444953,3628.2624780444953,3628.2624780444953,436893612673.4018,50734709374.83128
2024-12-20 05:30:00,3434.6754695380805,3434.6754695380805,3434.6754695380805,3434.6754695380805,413858693686.69867,64452959600.863884
2024-12-21 05:30:00,3468.658920056454,3468.658920056454,3468.658920056454,3468.658920056454,417562064054.3703,72936574193.4554
2024-12-22 05:30:00,3337.5972231166807,3337.5972231166807,3337.5972231166807,3337.5972231166807,401314595520.45166,32479699770.041058
2024-12-23 05:30:00,3275.8894274015142,3275.8894274015142,3275.8894274015142,3275.8894274015142,394984656581.5222,25811397925.979923
2024-12-24 05:30:00,3414.6414419807993,3414.6414419807993,3414.6414419807993,3414.6414419807993,411423031050.5532,35528067791.09896
2024-12-25 05:30:00,3497.555287927574,3497.555287927574,3497.555287927574,3497.555287927574,420708095541.6798,24085249644.32143
2024-12-26 05:30:00,3494.5109273631047,3494.5109273631047,3494.5109273631047,3494.5109273631047,421029544401.6013,17503804977.00058
2024-12-27 05:30:00,3327.7897761683494,3327.7897761683494,3327.7897761683494,3327.7897761683494,401038436756.22626,21239977785.94795
2024-12-28 05:30:00,3328.6111553091764,3328.6111553091764,3328.6111553091764,3328.6111553091764,400705550098.4306,24582312087.174118
2024-12-29 05:30:00,3397.8341205085153,3397.8341205085153,3397.8341205085153,3397.8341205085153,409451576910.996,13861298668.649797
2024-12-30 05:30:00,3357.330742971463,3357.330742971463,3357.330742971463,3357.330742971463,404459649875.75726,11315432322.371536
2024-12-31 05:30:00,3359.513941757392,3359.513941757392,3359.513941757392,3359.513941757392,404631151447.3196,27664137021.813133
2025-01-01 05:30:00,3336.6175137659498,3336.6175137659498,3336.6175137659498,3336.6175137659498,401972899891.29846,21466394178.61746
2025-01-02 05:30:00,3348.967247123586,3348.967247123586,3348.967247123586,3348.967247123586,403374380145.697,13440599794.35101
2025-01-03 05:30:00,3448.140436960939,3448.140436960939,3448.140436960939,3448.140436960939,415300548992.1061,22683249623.05199
2025-01-04 05:30:00,3604.2913795931763,3604.2913795931763,3604.2913795931763,3604.2913795931763,434290507752.4077,22019312215.306797
2025-01-05 05:30:00,3660.37804173532,3660.37804173532,3660.37804173532,3660.37804173532,441117087325.0027,15951962220.78043
2025-01-06 05:30:00,3635.8549961807084,3635.8549961807084,3635.8549961807084,3635.8549961807084,438092711283.22925,12542101206.558632
2025-01-07 05:30:00,3687.1447140588307,3687.1447140588307,3687.1447140588307,3687.1447140588307,444015369643.70074,24440100572.59286
2025-01-08 05:30:00,3380.0211263090155,3380.0211263090155,3380.0211263090155,3380.0211263090155,406968109533.227,32832589510.813023
2025-01-09 05:30:00,3325.1300293537356,3325.1300293537356,3325.1300293537356,3325.1300293537356,400602495132.5278,35080974963.72023
2025-01-10 05:30:00,3219.09284475812,3219.09284475812,3219.09284475812,3219.09284475812,388324291231.471,30096896683.041233
2025-01-11 05:30:00,3269.1759954060667,3269.1759954060667,3269.1759954060667,3269.1759954060667,394101246876.45374,26722437003.95787
2025-01-12 05:30:00,3283.591322828503,3283.591322828503,3283.591322828503,3283.591322828503,395839071861.3172,11047744222.743227
2025-01-13 05:30:00,3264.070968533687,3264.070968533687,3264.070968533687,3264.070968533687,393199349088.32996,9699706283.258541
2025-01-14 05:30:00,3134.5520394596483,3134.5520394596483,3134.5520394596483,3134.5520394596483,377643507549.0125,41743898872.017
2025-01-15 05:30:00,3224.8006483414138,3224.8006483414138,3224.8006483414138,3224.8006483414138,388487746270.3852,22365842880.809456
2025-01-16 05:30:00,3447.0340476747956,3447.0340476747956,3447.0340476747956,3447.0340476747956,415058425772.0614,23773995063.828526
2025-01-17 05:30:00,3309.4466139900196,3309.4466139900196,3309.4466139900196,3309.4466139900196,398587196539.9218,25012556602.905136
2025-01-18 05:30:00,3477.284285084809,3477.284285084809,3477.284285084809,3477.284285084809,419024911827.7939,27778832363.7708
2025-01-19 05:30:00,3309.0995676199964,3309.0995676199964,3309.0995676199964,3309.0995676199964,398761138447.4049,32195594202.134895
2025-01-20 05:30:00,3208.1365439891497,3208.1365439891497,3208.1365439891497,3208.1365439891497,388676714260.872,59678736709.7496
2025-01-21 05:30:00,3263.069869880814,3263.069869880814,3263.069869880814,3263.069869880814,393073139255.5516,49563768850.78339
2025-01-22 05:30:00,3326.0285404709143,3326.0285404709143,3326.0285404709143,3326.0285404709143,400135429379.4123,33762939512.697853
2025-01-23 05:30:00,3237.2996671291435,3237.2996671291435,3237.2996671291435,3237.2996671291435,390083338462.87006,21782301388.383984
2025-01-24 05:30:00,3332.580893146162,3332.580893146162,3332.580893146162,3332.580893146162,401547418905.6495,33863218042.431107
2025-01-25 05:30:00,3311.8499838687,3311.8499838687,3311.8499838687,3311.8499838687,398942774193.46027,25895320216.868122
2025-01-26 05:30:00,3320.1314101789453,3320.1314101789453,3320.1314101789453,3320.1314101789453,400427749273.5654,12706329663.414034
2025-01-27 05:30:00,3232.2767744705584,3232.2767744705584,3232.2767744705584,3232.2767744705584,390058879989.8578,13000445022.22209
2025-01-28 05:30:00,3173.5346079397173,3173.5346079397173,3173.5346079397173,3173.5346079397173,382221069555.6103,41151086046.07612
2025-01-29 05:30:00,3076.4937692857234,3076.4937692857234,3076.4937692857234,3076.4937692857234,370532757630.7433,19807794444.483303
2025-01-30 05:30:00,3114.4358854363104,3114.4358854363104,3114.4358854363104,3114.4358854363104,375574817164.75665,22051422147.78046
2025-01-31 05:30:00,3248.249484352305,3248.249484352305,3248.249484352305,3248.249484352305,391509879851.78656,19504592311.356525
2025-02-01 05:30:00,3296.390634843652,3296.390634843652,3296.390634843652,3296.390634843652,396910231325.1062,31441846706.254246
2025-02-02 05:30:00,3125.0386801320924,3125.0386801320924,3125.0386801320924,3125.0386801320924,376840076476.98303,18969060074.552986
2025-02-03 05:30:00,2862.6976188716285,2862.6976188716285,2862.6976188716285,2862.6976188716285,344091054313.7205,38896518795.21238
2025-02-04 05:30:00,2877.8138239498767,2877.8138239498767,2877.8138239498767,2877.8138239498767,346820394641.11206,96588727629.45805
2025-02-05 05:30:00,2740.3809762760143,2740.3809762760143,2740.3809762760143,2740.3809762760143,329090090858.6241,52737830809.63367
2025-02-06 05:30:00,2790.5521609256075,2790.5521609256075,2790.5521609256075,2790.5521609256075,335828291113.4543,30026391038.27177
2025-02-07 05:30:00,2686.662316793651,2686.662316793651,2686.662316793651,2686.662316793651,323756512126.7498,31349967107.97825
2025-02-08 05:30:00,2623.4507017824767,2623.4507017824767,2623.4507017824767,2623.4507017824767,315636240722.9841,30948837988.08186
2025-02-09 05:30:00,2635.6011418023404,2635.6011418023404,2635.6011418023404,2635.6011418023404,317758860998.56256,16335613332.591795
2025-02-10 05:30:00,2632.5358220552475,2632.5358220552475,2632.5358220552475,2632.5358220552475,317369673472.60657,17155535243.908037
2025-02-11 05:30:00,2660.2967996436387,2660.2967996436387,2660.2967996436387,2660.2967996436387,320711545303.1932,18843420567.42921
2025-02-12 05:30:00,2603.0333698049267,2603.0333698049267,2603.0333698049267,2603.0333698049267,313943237177.0695,21212910085.211273
2025-02-13 05:30:00,2736.2703136032396,2736.2703136032396,2736.2703136032396,2736.2703136032396,329492522913.44,26503660438.845695
2025-02-14 05:30:00,2675.7090007037627,2675.7090007037627,2675.7090007037627,2675.7090007037627,322584072350.2765,18938191215.29619
2025-02-15 05:30:00,2724.6698335873957,2724.6698335873957,2724.6698335873957,2724.6698335873957,328399065363.05505,17416785872.704834
2025-02-16 05:30:00,2692.8213863864253,2692.8213863864253,2692.8213863864253,2692.8213863864253,324625278431.52954,8896321414.559013
2025-02-17 05:30:00,2659.9017474093457,2659.9017474093457,2659.9017474093457,2659.9017474093457,320529173059.00665,8757895115.47748
2025-02-18 05:30:00,2741.9050800956124,2741.9050800956124,2741.9050800956124,2741.9050800956124,330464530098.92377,24666373348.432693
2025-02-19 05:30:00,2669.4945006896073,2669.4945006896073,2669.4945006896073,2669.4945006896073,321688672383.7524,24353300611.506603
2025-02-20 05:30:00,2714.8018364720533,2714.8018364720533,2714.8018364720533,2714.8018364720533,327248168186.7616,13398586820.912325
2025-02-21 05:30:00,2741.5933625994785,2741.5933625994785,2741.5933625994785,2741.5933625994785,330517520397.0965,14550027648.522171
2025-02-22 05:30:00,2658.3470942919384,2658.3470942919384,2658.3470942919384,2658.3470942919384,320508273451.5576,31770375573.3895
2025-02-23 05:30:00,2764.355233404291,2764.355233404291,2764.355233404291,2764.355233404291,333381856893.82196,17576653979.14654
2025-02-24 05:30:00,2827.1844084879804,2827.1844084879804,2827.1844084879804,2827.1844084879804,340712999974.1412,21394599890.269897
2025-02-25 05:30:00,2503.103420098605,2503.103420098605,2503.103420098605,2503.103420098605,301769340440.05,31014455208.756138
2025-02-26 05:30:00,2495.315451693047,2495.315451693047,2495.315451693047,2495.315451693047,301064649480.5458,42875934003.323944
2025-02-27 05:30:00,2325.853934699374,2325.853934699374,2325.853934699374,2325.853934699374,280668025121.2334,28109120496.698666
2025-02-28 05:30:00,2305.3229378029837,2305.3229378029837,2305.3229378029837,2305.3229378029837,277936135130.74036,89259450649.58
2025-03-01 05:30:00,2235.204208608959,2235.204208608959,2235.204208608959,2235.204208608959,269516471615.1616,32905594283.00643
2025-03-02 05:30:00,2212.8243514969954,2212.8243514969954,2212.8243514969954,2212.8243514969954,266823935338.2421,16103021679.018568
2025-03-03 05:30:00,2517.3382391622977,2517.3382391622977,2517.3382391622977,2517.3382391622977,303306117779.7704,37907412347.33495
2025-03-04 05:30:00,2148.199533470228,2148.199533470228,2148.199533470228,2148.199533470228,259111889993.75626,33501080617.480988
2025-03-05 05:30:00,2171.496943535016,2171.496943535016,2171.496943535016,2171.496943535016,261805780842.5489,35524086282.76523
2025-03-06 05:30:00,2241.3841149187283,2241.3841149187283,2241.3841149187283,2241.3841149187283,270490243838.00568,22236307931.758247
2025-03-07 05:30:00,2202.3207363495417,2202.3207363495417,2202.3207363495417,2202.3207363495417,265270135615.0983,19895800679.328133
2025-03-08 05:30:00,2140.7498089428914,2140.7498089428914,2140.7498089428914,2140.7498089428914,257899503839.8083,21716710066.08888
2025-03-09 05:30:00,2199.9995000805707,2199.9995000805707,2199.9995000805707,2199.9995000805707,265129957012.69815,11257666715.795546
2025-03-10 05:30:00,2017.265460184326,2017.265460184326,2017.265460184326,2017.265460184326,243298514477.01385,17577023963.685375
2025-03-11 05:30:00,1879.1231054991026,1879.1231054991026,1879.1231054991026,1879.1231054991026,226713493940.29108,36577317615.21765
2025-03-12 05:30:00,1921.3099227587034,1921.3099227587034,1921.3099227587034,1921.3099227587034,232024934655.6445,30046602111.893852
2025-03-13 05:30:00,1910.6551381032464,1910.6551381032464,1910.6551381032464,1910.6551381032464,230443739229.907,24499314730.70381
2025-03-14 05:30:00,1862.7949366490388,1862.7949366490388,1862.7949366490388,1862.7949366490388,224658866951.8703,19212414462.181553
2025-03-15 05:30:00,1910.6662703455045,1910.6662703455045,1910.6662703455045,1910.6662703455045,230476916425.01935,12949972214.265629
2025-03-16 05:30:00,1939.7856881721348,1939.7856881721348,1939.7856881721348,1939.7856881721348,233970291611.3664,6944891086.050841
2025-03-17 05:30:00,1887.7643429692785,1887.7643429692785,1887.7643429692785,1887.7643429692785,227688957214.28125,9486242392.181334
2025-03-18 05:30:00,1929.1833577618722,1929.1833577618722,1929.1833577618722,1929.1833577618722,232725366276.39935,11251166846.249075
2025-03-19 05:30:00,1932.7964059050657,1932.7964059050657,1932.7964059050657,1932.7964059050657,233152161415.72287,10887619567.393353
2025-03-20 05:30:00,2060.728601068271,2060.728601068271,2060.728601068271,2060.728601068271,248434080718.19073,20374739988.65224
2025-03-21 05:30:00,1980.831780524645,1980.831780524645,1980.831780524645,1980.831780524645,238984217654.16632,14303790085.616615
2025-03-22 05:30:00,1964.5293833168294,1964.5293833168294,1964.5293833168294,1964.5293833168294,236980043535.89395,9890112887.282015
2025-03-23 05:30:00,1979.5449257665966,1979.5449257665966,1979.5449257665966,1979.5449257665966,238753335160.5841,6195605844.536302
2025-03-24 05:30:00,2001.0470230951883,2001.0470230951883,2001.0470230951883,2001.0470230951883,241404254258.0785,7991413702.677865
2025-03-25 05:30:00,2077.739325831977,2077.739325831977,2077.739325831977,2077.739325831977,250648654235.6259,15676451247.546822
2025-03-26 05:30:00,2068.598435049149,2068.598435049149,2068.598435049149,2068.598435049149,249404519198.06433,12563169733.005245
2025-03-27 05:30:00,2009.8835432902426,2009.8835432902426,2009.8835432902426,2009.8835432902426,242347645799.6622,14024859854.906677
2025-03-28 05:30:00,2003.3034241292064,2003.3034241292064,2003.3034241292064,2003.3034241292064,241580699763.4796,12136188059.422693
2025-03-29 05:30:00,1896.9173600459985,1896.9173600459985,1896.9173600459985,1896.9173600459985,228784244898.24844,18419487648.39739
2025-03-30 05:30:00,1829.2745211803463,1829.2745211803463,1829.2745211803463,1829.2745211803463,220262156018.88525,12924117064.878807
2025-03-31 05:30:00,1805.3378779435934,1805.3378779435934,1805.3378779435934,1805.3378779435934,217784813538.97607,10056531345.160347
2025-04-01 05:30:00,1824.2071367609847,1824.2071367609847,1824.2071367609847,1824.2071367609847,219908040559.44638,17022367813.88877
2025-04-02 05:30:00,1907.1671522994227,1907.1671522994227,1907.1671522994227,1907.1671522994227,230031614721.63394,15899367803.5509
2025-04-03 05:30:00,1795.761850567479,1795.761850567479,1795.761850567479,1795.761850567479,216667567217.00522,23450470660.978283
2025-04-04 05:30:00,1818.2844199542053,1818.2844199542053,1818.2844199542053,1818.2844199542053,219762279056.2319,16999031833.158594
2025-04-05 05:30:00,1814.4807753449506,1814.4807753449506,1814.4807753449506,1814.4807753449506,218925876283.93597,19459233591.298603
2025-04-06 05:30:00,1809.935827172196,1809.935827172196,1809.935827172196,1809.935827172196,217957146409.9286,6780827627.545529
2025-04-07 05:30:00,1574.6321611455576,1574.6321611455576,1574.6321611455576,1574.6321611455576,190295586491.21872,23485484227.161697
2025-04-08 05:30:00,1555.909812570873,1555.909812570873,1555.909812570873,1555.909812570873,188565143892.71408,49416724296.56089
2025-04-09 05:30:00,1471.3608854365523,1471.3608854365523,1471.3608854365523,1471.3608854365523,177496121145.5316,22451028357.384758
2025-04-10 05:30:00,1662.5331604641576,1662.5331604641576,1662.5331604641576,1662.5331604641576,200623016236.85327,41589589714.84994
2025-04-11 05:30:00,1523.928624242526,1523.928624242526,1523.928624242526,1523.928624242526,183947227079.42554,20486375929.10568
2025-04-12 05:30:00,1568.131690125936,1568.131690125936,1568.131690125936,1568.131690125936,189185664203.6754,14195085224.783228
2025-04-13 05:30:00,1645.8625733156498,1645.8625733156498,1645.8625733156498,1645.8625733156498,198696438258.60336,11756571644.476357
2025-04-14 05:30:00,1595.4227460001084,1595.4227460001084,1595.4227460001084,1595.4227460001084,192382635779.77805,13775001676.60885
2025-04-15 05:30:00,1621.543195596693,1621.543195596693,1621.543195596693,1621.543195596693,195686083638.74744,15415724739.820591
2025-04-16 05:30:00,1587.8222244021401,1587.8222244021401,1587.8222244021401,1587.8222244021401,191837036865.40186,11786525215.180002
2025-04-17 05:30:00,1577.7073516760117,1577.7073516760117,1577.7073516760117,1577.7073516760117,190419833063.11868,13120084885.866234
2025-04-18 05:30:00,1583.4764497002345,1583.4764497002345,1583.4764497002345,1583.4764497002345,191135638825.23685,9437178720.867388
2025-04-19 05:30:00,1589.1516208270755,1589.1516208270755,1589.1516208270755,1589.1516208270755,191865697060.91525,5254078676.877919
2025-04-20 05:30:00,1615.0502549158562,1615.0502549158562,1615.0502549158562,1615.0502549158562,194945047366.35382,5148626529.402773
2025-04-21 05:30:00,1585.4600253443446,1585.4600253443446,1585.4600253443446,1585.4600253443446,191374869502.39386,6695768150.024456
2025-04-22 05:30:00,1577.4465595922347,1577.4465595922347,1577.4465595922347,1577.4465595922347,190376888818.46906,15275062279.387148
2025-04-23 05:30:00,1759.7064599311093,1759.7064599311093,1759.7064599311093,1759.7064599311093,212582611840.14056,24271980430.95098
2025-04-24 05:30:00,1793.969849485534,1793.969849485534,1793.969849485534,1793.969849485534,216572719914.54987,22099177230.61867
2025-04-25 05:30:00,1769.3925107354407,1769.3925107354407,1769.3925107354407,1769.3925107354407,213593284213.58224,12923295609.972548
2025-04-26 05:30:00,1788.7981804331257,1788.7981804331257,1788.7981804331257,1788.7981804331257,215954892518.00418,15656748328.784924
2025-04-27 05:30:00,1821.2695303291391,1821.2695303291391,1821.2695303291391,1821.2695303291391,219830529458.7114,10293614895.776522
2025-04-28 05:30:00,1793.6918440730135,1793.6918440730135,1793.6918440730135,1793.6918440730135,216533502206.27112,9632458065.106846
2025-04-29 05:30:00,1799.50191449199,1799.50191449199,1799.50191449199,1799.50191449199,217264115049.6792,16777384305.88931
2025-04-30 05:30:00,1796.9720456768928,1796.9720456768928,1796.9720456768928,1796.9720456768928,216596941729.71945,13994558644.11867
2025-05-01 05:30:00,1794.0495408617828,1794.0495408617828,1794.0495408617828,1794.0495408617828,216623334477.08453,13644627083.285889
2025-05-02 05:30:00,1838.8543285925753,1838.8543285925753,1838.8543285925753,1838.8543285925753,221969602979.55032,14310565589.052694
2025-05-03 05:30:00,1841.427590836958,1841.427590836958,1841.427590836958,1841.427590836958,222269022299.2824,11686301446.49476
2025-05-04 05:30:00,1834.501911876416,1834.501911876416,1834.501911876416,1834.501911876416,221494950784.02625,6704990478.824657
2025-05-05 05:30:00,1808.156093844096,1808.156093844096,1808.156093844096,1808.156093844096,218216268630.8664,7479845748.828526
2025-05-06 05:30:00,1820.0044598893596,1820.0044598893596,1820.0044598893596,1820.0044598893596,219769896301.20087,10545233503.347864
2025-05-07 05:30:00,1816.1686943818438,1816.1686943818438,1816.1686943818438,1816.1686943818438,219305875804.55966,11950393736.527246
2025-05-08 05:30:00,1810.3169269284476,1810.3169269284476,1810.3169269284476,1810.3169269284476,218569578701.42172,47111217119.49919
2025-05-09 05:30:00,2197.5611893238784,2197.5611893238784,2197.5611893238784,2197.5611893238784,264994998215.9445,35992825075.05399
2025-05-10 05:30:00,2341.407963002621,2341.407963002621,2341.407963002621,2341.407963002621,282636716534.08844,44566779461.54657
2025-05-11 05:30:00,2583.6829051429513,2583.6829051429513,2583.6829051429513,2583.6829051429513,312095621694.1442,29947910159.02891
2025-05-12 05:30:00,2507.4693107597423,2507.4693107597423,2507.4693107597423,2507.4693107597423,302727255563.5134,26138286410.23315
2025-05-13 05:30:00,2492.426391077375,2492.426391077375,2492.426391077375,2492.426391077375,300976824863.0343,31524626114.978752
2025-05-14 05:30:00,2676.639163127913,2676.639163127913,2676.639163127913,2676.639163127913,322977150438.36176,32279895881.637806
2025-05-15 05:30:00,2603.7180887199615,2603.7180887199615,2603.7180887199615,2603.7180887199615,314022060127.0501,28150234190.931705
2025-05-16 05:30:00,2542.296692466797,2542.296692466797,2542.296692466797,2542.296692466797,306933361055.9317,26211434557.7159
2025-05-17 05:30:00,2544.3870377235667,2544.3870377235667,2544.3870377235667,2544.3870377235667,307619694635.7725,21130441534.96637
2025-05-18 05:30:00,2475.0543933696913,2475.0543933696913,2475.0543933696913,2475.0543933696913,298789831687.0011,17185510890.702347
2025-05-19 05:30:00,2465.3409856139087,2465.3409856139087,2465.3409856139087,2465.3409856139087,296863390804.2497,24797434472.364086
2025-05-20 05:30:00,2526.989643891319,2526.989643891319,2526.989643891319,2526.989643891319,305077067863.0779,25363871274.82505
2025-05-21 05:30:00,2524.2743433146065,2524.2743433146065,2524.2743433146065,2524.2743433146065,304737250158.37354,22871462735.416794
2025-05-22 05:30:00,2558.9502343769486,2558.9502343769486,2558.9502343769486,2558.9502343769486,308934701949.7151,32697477527.54695
2025-05-23 05:30:00,2657.1674447566115,2657.1674447566115,2657.1674447566115,2657.1674447566115,320733890913.39886,29592612076.505535
2025-05-24 05:30:00,2519.813809045145,2519.813809045145,2519.813809045145,2519.813809045145,304038733414.03973,30047329191.503662
2025-05-25 05:30:00,2529.4429842284353,2529.4429842284353,2529.4429842284353,2529.4429842284353,305369227833.4215,10744994421.192684
2025-05-26 05:30:00,2546.6201163370915,2546.6201163370915,2546.6201163370915,2546.6201163370915,307423642894.0653,13814697849.726278
2025-05-27 05:30:00,2562.1729286392238,2562.1729286392238,2562.1729286392238,2562.1729286392238,309319360637.78375,13350148034.293623
2025-05-28 05:30:00,2662.0940568241435,2662.0940568241435,2662.0940568241435,2662.0940568241435,321357595434.52185,26434151855.253853
2025-05-29 05:30:00,2676.2674124507,2676.2674124507,2676.2674124507,2676.2674124507,323119009777.13904,18008588586.284103
2025-05-30 05:30:00,2633.1392065286695,2633.1392065286695,2633.1392065286695,2633.1392065286695,317891224562.8813,27021441335.5195
2025-05-31 05:30:00,2524.4762348050726,2524.4762348050726,2524.4762348050726,2524.4762348050726,304659964725.2192,22927149330.30469
2025-06-01 05:30:00,2532.3627853090866,2532.3627853090866,2532.3627853090866,2532.3627853090866,305718505778.76434,13006751258.18768
2025-06-02 05:30:00,2538.3300584367485,2538.3300584367485,2538.3300584367485,2538.3300584367485,306561765778.2403,11338340571.11249
2025-06-03 05:30:00,2609.737253959435,2609.737253959435,2609.737253959435,2609.737253959435,314999579353.95825,15623967732.418657
2025-06-04 05:30:00,2595.4689570062997,2595.4689570062997,2595.4689570062997,2595.4689570062997,313315832347.0171,15955008730.338179
2025-06-05 05:30:00,2610.343189828259,2610.343189828259,2610.343189828259,2610.343189828259,315159803382.89014,16809606446.176416
2025-06-06 05:30:00,2421.601103763502,2421.601103763502,2421.601103763502,2421.601103763502,292341916400.9464,25849573159.64817
2025-06-07 05:30:00,2481.4039836690267,2481.4039836690267,2481.4039836690267,2481.4039836690267,299560106673.7574,18395107930.47655
2025-06-08 05:30:00,2526.291995889778,2526.291995889778,2526.291995889778,2526.291995889778,304953508465.0457,9535426814.691927
2025-06-09 05:30:00,2508.784123584585,2508.784123584585,2508.784123584585,2508.784123584585,302870081038.261,10206893115.537256
2025-06-10 05:30:00,2685.0001850413178,2685.0001850413178,2685.0001850413178,2685.0001850413178,324315565109.11993,19485734665.28548
2025-06-11 05:30:00,2808.503208314919,2808.503208314919,2808.503208314919,2808.503208314919,339012253954.4242,38281210143.95115
2025-06-12 05:30:00,2776.1371915822333,2776.1371915822333,2776.1371915822333,2776.1371915822333,334990282503.402,27369030837.548595
2025-06-13 05:30:00,2653.158968452672,2653.158968452672,2653.158968452672,2653.158968452672,320595535562.5316,26068993569.969894
2025-06-14 05:30:00,2577.04861752583,2577.04861752583,2577.04861752583,2577.04861752583,311111352117.7261,38576471746.00814
2025-06-15 05:30:00,2534.0702195359518,2534.0702195359518,2534.0702195359518,2534.0702195359518,306048481935.1591,12077031034.291521
2025-06-16 05:30:00,2547.8456040920437,2547.8456040920437,2547.8456040920437,2547.8456040920437,307537228689.2678,11678912429.510712
2025-06-17 05:30:00,2561.329843569428,2561.329843569428,2561.329843569428,2561.329843569428,309982828015.90594,24222149649.172424
2025-06-18 05:30:00,2514.986700576147,2514.986700576147,2514.986700576147,2514.986700576147,303697873489.69434,25926506708.040215
2025-06-19 05:30:00,2521.3334233964915,2521.3334233964915,2521.3334233964915,2521.3334233964915,304290652058.44,17800721253.243202
2025-06-20 05:30:00,2522.1791903642184,2522.1791903642184,2522.1791903642184,2522.1791903642184,304481216643.1207,10392473841.155851
2025-06-21 05:30:00,2405.695434213183,2405.695434213183,2405.695434213183,2405.695434213183,290401843920.2328,20482816663.29469
2025-06-22 05:30:00,2270.581996055585,2270.581996055585,2270.581996055585,2270.581996055585,273839538572.25955,16155611764.84833
2025-06-23 05:30:00,2227.4287266371684,2227.4287266371684,2227.4287266371684,2227.4287266371684,268777741291.43988,28181442532.315876
2025-06-24 05:30:00,2423.899644268608,2423.899644268608,2423.899644268608,2423.899644268608,292612668627.3885,25494295400.420887
2025-06-25 05:30:00,2446.539301545049,2446.539301545049,2446.539301545049,2446.539301545049,295402538889.65454,19669025068.963604
2025-06-26 05:30:00,2417.2267855277296,2417.2267855277296,2417.2267855277296,2417.2267855277296,291827501114.87933,15513055665.262428
2025-06-27 05:30:00,2415.031864876594,2415.031864876594,2415.031864876594,2415.031864876594,291547094716.2168,16271811388.723804
2025-06-28 05:30:00,2423.0302896731746,2423.0302896731746,2423.0302896731746,2423.0302896731746,292419308271.8665,13100825617.816572
2025-06-29 05:30:00,2437.133001780241,2437.133001780241,2437.133001780241,2437.133001780241,294208600645.2538,5787313890.541637
2025-06-30 05:30:00,2502.6672721177083,2502.6672721177083,2502.6672721177083,2502.6672721177083,302158279316.21674,10236257918.833096
2025-07-01 05:30:00,2488.190781689803,2488.190781689803,2488.190781689803,2488.190781689803,300388851494.49866,16306915984.938057
2025-07-02 05:30:00,2405.1045592800183,2405.1045592800183,2405.1045592800183,2405.1045592800183,290294455719.4809,12933967031.524443
2025-07-03 05:30:00,2574.067718495133,2574.067718495133,2574.067718495133,2574.067718495133,310930535640.4307,21862573614.17975
2025-07-04 05:30:00,2590.132231590221,2590.132231590221,2590.132231590221,2590.132231590221,312621047413.045,19823369642.62606
2025-07-05 05:30:00,2509.236345783362,2509.236345783362,2509.236345783362,2509.236345783362,302827514359.61035,16377116416.187033
2025-07-06 05:30:00,2517.37917835065,2517.37917835065,2517.37917835065,2517.37917835065,304028836772.5733,6801276942.284494
2025-07-07 05:30:00,2571.358192115984,2571.358192115984,2571.358192115984,2571.358192115984,310345645222.7514,9051659015.949968
2025-07-08 05:30:00,2543.6317028067488,2543.6317028067488,2543.6317028067488,2543.6317028067488,307013209348.5054,15947822897.049152
2025-07-09 05:30:00,2615.7759888945047,2615.7759888945047,2615.7759888945047,2615.7759888945047,315738597830.34283,14750377128.581295
2025-07-10 05:30:00,2772.5795626609174,2772.5795626609174,2772.5795626609174,2772.5795626609174,335050165487.70404,26626246774.244656
2025-07-11 05:30:00,2948.4462027029053,2948.4462027029053,2948.4462027029053,2948.4462027029053,355346738000.49475,39308824585.23128
2025-07-12 05:30:00,2958.8514450990992,2958.8514450990992,2958.8514450990992,2958.8514450990992,357144054434.9151,42455550664.554665
2025-07-13 05:30:00,2942.9616055388096,2942.9616055388096,2942.9616055388096,2942.9616055388096,355216449018.5163,17472135946.60354
2025-07-14 05:30:00,2974.2654952333387,2974.2654952333387,2974.2654952333387,2974.2654952333387,359110100026.3572,18605172049.087772
2025-07-15 05:30:00,3012.1797069059276,3012.1797069059276,3012.1797069059276,3012.1797069059276,363606274489.50854,41336421998.04408
2025-07-16 05:30:00,3133.069857747011,3133.069857747011,3133.069857747011,3133.069857747011,378233206915.81635,43416230283.76601
2025-07-17 05:30:00,3368.126521526108,3368.126521526108,3368.126521526108,3368.126521526108,406599729410.5382,54882159731.0286
2025-07-18 05:30:00,3481.8828152374017,3481.8828152374017,3481.8828152374017,3481.8828152374017,420347293649.25085,45678965280.66659
2025-07-19 05:30:00,3547.317079001209,3547.317079001209,3547.317079001209,3547.317079001209,427841866746.5711,72535524453.98022
2025-07-20 05:30:00,3594.3185010809702,3594.3185010809702,3594.3185010809702,3594.3185010809702,433877664505.94135,27017909119.384834
2025-07-21 05:30:00,3758.605581813957,3758.605581813957,3758.605581813957,3758.605581813957,453825859015.21515,55175056732.09093
2025-07-22 05:30:00,3765.453624023574,3765.453624023574,3765.453624023574,3765.453624023574,454513156113.6638,47245582310.60992
2025-07-23 05:30:00,3746.9406687316323,3746.9406687316323,3746.9406687316323,3746.9406687316323,452355960897.77356,52357062545.19388
2025-07-24 05:30:00,3630.053531480921,3630.053531480921,3630.053531480921,3630.053531480921,438111570682.8548,47655045407.89862
2025-07-25 05:30:00,3708.4299352383423,3708.4299352383423,3708.4299352383423,3708.4299352383423,447620332487.87305,47332291813.01175
2025-07-26 05:30:00,3723.0529092785596,3723.0529092785596,3723.0529092785596,3723.0529092785596,449379722345.43585,48622472830.12327
2025-07-27 05:30:00,3742.4314258659915,3742.4314258659915,3742.4314258659915,3742.4314258659915,451746443518.379,25352434514.72998
2025-07-28 05:30:00,3864.1248374654765,3864.1248374654765,3864.1248374654765,3864.1248374654765,466077664312.2753,26045280361.31318
2025-07-29 05:30:00,3786.303845995956,3786.303845995956,3786.303845995956,3786.303845995956,457680388920.6686,38743589826.42135
2025-07-30 05:30:00,3788.5983716058226,3788.5983716058226,3788.5983716058226,3788.5983716058226,457213828532.1186,34923369443.87463
2025-07-31 05:30:00,3807.4166010824188,3807.4166010824188,3807.4166010824188,3807.4166010824188,459449027043.4022,28710848449.745983
2025-08-01 05:30:00,3696.6628530851194,3696.6628530851194,3696.6628530851194,3696.6628530851194,446264222707.4442,31312115686.896267
2025-08-02 05:30:00,3483.1789551579504,3483.1789551579504,3483.1789551579504,3483.1789551579504,420327732498.14484,42431734230.15089
2025-08-03 05:30:00,3397.4855484143177,3397.4855484143177,3397.4855484143177,3397.4855484143177,410229849339.571,28164675444.895985
2025-08-04 05:30:00,3497.573127822404,3497.573127822404,3497.573127822404,3497.573127822404,422223994717.4719,18338718249.174084
2025-08-05 05:30:00,3715.7090148550706,3715.7090148550706,3715.7090148550706,3715.7090148550706,448517239894.4303,28536476594.95387
2025-08-06 05:30:00,3612.442432236669,3612.442432236669,3612.442432236669,3612.442432236669,436373875222.1905,29411744198.367584
2025-08-07 05:30:00,3684.0459195726726,3684.0459195726726,3684.0459195726726,3684.0459195726726,444737780081.9074,23256150904.877857
2025-08-08 05:30:00,3911.2609462690816,3911.2609462690816,3911.2609462690816,3911.2609462690816,471838906504.6792,31981627910.70641
2025-08-09 05:30:00,4012.97697001236,4012.97697001236,4012.97697001236,4012.97697001236,484483868122.1773,37861934037.3479
2025-08-10 05:30:00,4265.563258333516,4265.563258333516,4265.563258333516,4265.563258333516,514414914903.2612,37686735734.66866
2025-08-11 05:30:00,4253.591618951185,4253.591618951185,4253.591618951185,4253.591618951185,513073639261.6181,26481154882.304214
2025-08-12 05:30:00,4228.824213261163,4228.824213261163,4228.824213261163,4228.824213261163,510225780028.6237,43010572110.88258
2025-08-13 05:30:00,4606.809427709522,4606.809427709522,4606.809427709522,4606.809427709522,556502855391.5187,52840297700.59488
2025-08-14 05:30:00,4763.652535322159,4763.652535322159,4763.652535322159,4763.652535322159,575091067506.1215,58870844448.59354
2025-08-15 05:30:00,4554.291501538621,4554.291501538621,4554.291501538621,4554.291501538621,551514703070.4648,66924319529.18441
2025-08-16 05:30:00,4430.532465017841,4430.532465017841,4430.532465017841,4430.532465017841,534578587192.13434,50038927770.639565
2025-08-17 05:30:00,4426.826913311333,4426.826913311333,4426.826913311333,4426.826913311333,534150282399.6513,21104759591.061535
2025-08-18 05:30:00,4487.118013759226,4487.118013759226,4487.118013759226,4487.118013759226,541923097741.9142,28100356151.382523
2025-08-18 20:31:04,4333.812108999514,4333.812108999514,4333.812108999514,4333.812108999514,520241012688.55194,36785172643.716515
